agent_name,curriculum_name,evaluation,aar,ses,learning_stability,mean_reward,std_reward,total_reward,success_rate
ppo,baseline,0,-21.36543634418308,0,315.8609196992392,-1000.0,0.0,-10000.0,0.0
ppo,baseline,1,-18.479603608754463,0,320.6520079462325,-1000.0,0.0,-10000.0,0.0
ppo,baseline,2,-18.283195509451733,0,237.05444574884976,-1000.0,0.0,-10000.0,0.0
ppo,baseline,3,-22.23765050982272,0,440.5118301711148,-1000.0,0.0,-10000.0,0.0
ppo,baseline,4,-21.176959045271808,0,454.94227890251875,-990.2,29.4,-9902.0,0.0
ppo,baseline,5,-20.48733610733299,0,319.481697441407,-1000.0,0.0,-10000.0,0.0
ppo,baseline,6,-19.1651312475211,0,429.58243097708413,-1000.0,0.0,-10000.0,0.0
ppo,baseline,7,-18.56042801772827,0,347.2123930811491,-1000.0,0.0,-10000.0,0.0
ppo,baseline,8,-20.366259819738616,0,385.306612301171,-1000.0,0.0,-10000.0,0.0
ppo,baseline,9,-19.60822423107131,0,362.1821425904506,-1000.0,0.0,-10000.0,0.0
ppo,baseline,10,-21.260260129251073,0,417.9055540896994,-1000.0,0.0,-10000.0,0.0
ppo,baseline,11,-20.82514270650272,0,367.18822108173816,-1000.0,0.0,-10000.0,0.0
ppo,baseline,12,-19.081668900654044,0,289.0233286454768,-1000.0,0.0,-10000.0,0.0
ppo,baseline,13,-20.38709833927304,0,371.9308899888612,-1000.0,0.0,-10000.0,0.0
ppo,baseline,14,-18.511406852162008,0,242.93752815049538,-1000.0,0.0,-10000.0,0.0
ppo,baseline,15,-18.838630670309886,0,235.77909604386574,-1000.0,0.0,-10000.0,0.0
ppo,baseline,16,-20.618245627053124,0,312.2215570402343,-1000.0,0.0,-10000.0,0.0
ppo,baseline,17,-19.405913814701968,0,306.67091318556487,-1000.0,0.0,-10000.0,0.0
ppo,baseline,18,-19.32690254726133,0,399.72268308492994,-1000.0,0.0,-10000.0,0.0
ppo,baseline,19,-19.310834668795042,0,354.1271579132906,-964.3,107.1,-9643.0,0.0
ppo,baseline,20,-22.467038522070123,0,339.0440034120322,-1000.0,0.0,-10000.0,0.0
ppo,baseline,21,-18.19922287168338,0,315.98762153662136,-1000.0,0.0,-10000.0,0.0
ppo,baseline,22,-21.665761833090123,0,488.8978482620299,-1000.0,0.0,-10000.0,0.0
ppo,baseline,23,-19.967622650535844,0,298.9047175156474,-1000.0,0.0,-10000.0,0.0
ppo,baseline,24,-19.35869376266453,0,257.3845847827084,-1000.0,0.0,-10000.0,0.0
ppo,baseline,25,-20.972149458578407,0,443.2090609724935,-1000.0,0.0,-10000.0,0.0
ppo,transfer-learning,0,-170.41842926009264,0,135.89664652803768,-1000.0,0.0,-10000.0,0.0
ppo,transfer-learning,1,-98.07395061539161,0,227.55705646867523,-1000.0,0.0,-10000.0,0.0
ppo,transfer-learning,2,-72.95819586587831,0,392.53572703094557,-1000.0,0.0,-10000.0,0.0
ppo,transfer-learning,3,-58.326751838082785,0,459.965366404944,-1000.0,0.0,-10000.0,0.0
ppo,transfer-learning,4,-45.099636245147835,0,308.19368164277375,-1000.0,0.0,-10000.0,0.0
ppo,transfer-learning,5,-40.579081284242584,0,284.842891962775,-1000.0,0.0,-10000.0,0.0
ppo,transfer-learning,6,-31.46036928229757,0,354.3924145006678,-1000.0,0.0,-10000.0,0.0
ppo,transfer-learning,7,-27.103316017736176,0,367.4586173787091,-1000.0,0.0,-10000.0,0.0
ppo,transfer-learning,8,-27.363992806395466,0,325.6906136591339,-1000.0,0.0,-10000.0,0.0
ppo,transfer-learning,9,-21.595590495152045,0,355.5107777819863,-1000.0,0.0,-10000.0,0.0
ppo,transfer-learning,10,-19.649022690953625,0,370.47352188257315,-1000.0,0.0,-10000.0,0.0
ppo,transfer-learning,11,-16.826539796687246,0,207.6912481812387,-1000.0,0.0,-10000.0,0.0
ppo,transfer-learning,12,-20.827881233755853,0,427.74594074960544,-1000.0,0.0,-10000.0,0.0
ppo,transfer-learning,13,-19.72275897560646,0,214.45513427207962,-1000.0,0.0,-10000.0,0.0
ppo,transfer-learning,14,-20.276010484363542,0,292.79496618949247,-1000.0,0.0,-10000.0,0.0
ppo,transfer-learning,15,-19.09300546301197,0,328.551043141793,-1000.0,0.0,-10000.0,0.0
ppo,transfer-learning,16,-20.69470615748262,0,277.5487598179295,-1000.0,0.0,-10000.0,0.0
ppo,transfer-learning,17,-19.766639257265812,0,202.7893432973443,-1000.0,0.0,-10000.0,0.0
ppo,transfer-learning,18,-19.76537085693417,0,239.03800983097702,-1000.0,0.0,-10000.0,0.0
ppo,transfer-learning,19,-20.520513834677264,0,349.501111084839,-1000.0,0.0,-10000.0,0.0
ppo,transfer-learning,20,-21.170002863430273,0,210.00934134206008,-1000.0,0.0,-10000.0,0.0
ppo,transfer-learning,21,-21.40150055924944,0,397.20145527131956,-1000.0,0.0,-10000.0,0.0
ppo,transfer-learning,22,-20.16822416098505,0,437.1495563572866,-1000.0,0.0,-10000.0,0.0
ppo,transfer-learning,23,-21.230731426122908,0,434.7872763699755,-1000.0,0.0,-10000.0,0.0
ppo,transfer-learning,24,-19.15738879119624,0,256.62386691589944,-1000.0,0.0,-10000.0,0.0
ppo,transfer-learning,25,-21.032128363325864,0,445.92922780641675,-1000.0,0.0,-10000.0,0.0
ppo,teacher-learning,0,-18.819000390569826,0,317.3215880802477,-1000.0,0.0,-10000.0,0.0
ppo,teacher-learning,1,-23.573219353513764,0,328.30081980714687,-1000.0,0.0,-10000.0,0.0
ppo,teacher-learning,2,-41.874394506404364,0,494.3959376234281,-1000.0,0.0,-10000.0,0.0
ppo,teacher-learning,3,-90.10112426887335,0,588.775292928148,-1000.0,0.0,-10000.0,0.0
ppo,teacher-learning,4,123.81834775594534,0,373.66582765083666,-1000.0,0.0,-10000.0,0.0
ppo,teacher-learning,5,-164.66879081139717,0,478.46105718150267,-1000.0,0.0,-10000.0,0.0
ppo,teacher-learning,6,-440.2520497270924,0,449.6530789861866,-1000.0,0.0,-10000.0,0.0
ppo,teacher-learning,7,3953.353150923882,0,533.4942916397972,-1000.0,0.0,-10000.0,0.0
ppo,teacher-learning,8,-238.53013380807798,0,499.0760821082637,-1000.0,0.0,-10000.0,0.0
ppo,teacher-learning,9,-240.19102522401408,0,525.1035707699805,-1000.0,0.0,-10000.0,0.0
ppo,teacher-learning,10,-295.1474249119348,0,416.20548628145445,-1000.0,0.0,-10000.0,0.0
ppo,teacher-learning,11,-135.39254437312724,0,465.6444090231768,-1000.0,0.0,-10000.0,0.0
ppo,teacher-learning,12,-148.96614933185907,0,458.6287342758647,-1000.0,0.0,-10000.0,0.0
ppo,teacher-learning,13,-754.297304105443,0,425.4561152411913,-1000.0,0.0,-10000.0,0.0
ppo,teacher-learning,14,351.73679573327,0,454.6362434641444,-1000.0,0.0,-10000.0,0.0
ppo,teacher-learning,15,-121.27749706672475,0,495.6118263484603,-1000.0,0.0,-10000.0,0.0
ppo,teacher-learning,16,-241.26352895511818,0,482.1260485337699,-1000.0,0.0,-10000.0,0.0
ppo,teacher-learning,17,-234.39315872003203,0,381.29203509386286,-1000.0,0.0,-10000.0,0.0
ppo,teacher-learning,18,-273.96414725051267,0,528.544479060234,-1000.0,0.0,-10000.0,0.0
ppo,teacher-learning,19,-96.124769483895,0,541.4192494857713,-1000.0,0.0,-10000.0,0.0
ppo,teacher-learning,20,-137.19245044678888,0,487.5305732705976,-1000.0,0.0,-10000.0,0.0
ppo,teacher-learning,21,-310.1278197951344,0,534.6648916409338,-1000.0,0.0,-10000.0,0.0
ppo,teacher-learning,22,-116.73583681223947,0,476.95881732637395,-1000.0,0.0,-10000.0,0.0
ppo,teacher-learning,23,-226.65069254359145,0,483.6915162723939,-1000.0,0.0,-10000.0,0.0
ppo,teacher-learning,24,-211.15698023663361,0,480.7527812294039,-1000.0,0.0,-10000.0,0.0
ppo,teacher-learning,25,212.19141969216307,0,476.7378865668774,-1000.0,0.0,-10000.0,0.0
ppo,one-pass,0,-166.33843679444877,0,523.7414024216433,-1000.0,0.0,-10000.0,0.0
ppo,one-pass,1,-120.69009774136241,0,345.76876292211983,-1000.0,0.0,-10000.0,0.0
ppo,one-pass,2,-103.42970898467095,0,479.48627471575423,-1000.0,0.0,-10000.0,0.0
ppo,one-pass,3,-81.04521517820021,0,440.44142634845514,-1000.0,0.0,-10000.0,0.0
ppo,one-pass,4,-71.65176694433447,0,299.1661434387948,-1000.0,0.0,-10000.0,0.0
ppo,one-pass,5,-62.223592717470275,0,236.46052334603087,-1000.0,0.0,-10000.0,0.0
ppo,one-pass,6,-59.99582223412813,0,221.3541244725948,-1000.0,0.0,-10000.0,0.0
ppo,one-pass,7,-53.391024267172064,0,256.27967993039135,-1000.0,0.0,-10000.0,0.0
ppo,one-pass,8,-47.623542561178404,0,384.01301817853044,-1000.0,0.0,-10000.0,0.0
ppo,one-pass,9,-42.3935671878481,0,212.89237334165662,-1000.0,0.0,-10000.0,0.0
ppo,one-pass,10,-39.864334338663994,0,337.5691993480219,-1000.0,0.0,-10000.0,0.0
ppo,one-pass,11,-35.241642518281154,0,311.3229236583192,-1000.0,0.0,-10000.0,0.0
ppo,one-pass,12,-35.80563395793842,0,202.40834527536472,-1000.0,0.0,-10000.0,0.0
ppo,one-pass,13,-30.260582693191708,0,319.79889021219543,-1000.0,0.0,-10000.0,0.0
ppo,one-pass,14,-34.084383837676526,0,317.0509736417429,-1000.0,0.0,-10000.0,0.0
ppo,one-pass,15,-28.281921051019754,0,323.8075327099114,-1000.0,0.0,-10000.0,0.0
ppo,one-pass,16,-30.928111685502707,0,336.8763543216381,-1000.0,0.0,-10000.0,0.0
ppo,one-pass,17,-26.367351067633486,0,226.16094334553048,-1000.0,0.0,-10000.0,0.0
ppo,one-pass,18,-25.97264703160954,0,366.5951856331314,-1000.0,0.0,-10000.0,0.0
ppo,one-pass,19,-22.54250498221797,0,270.18181154252534,-1000.0,0.0,-10000.0,0.0
ppo,one-pass,20,-22.124372859160275,0,285.242530072958,-1000.0,0.0,-10000.0,0.0
ppo,one-pass,21,-22.375176767185156,0,254.40045985683525,-1000.0,0.0,-10000.0,0.0
ppo,one-pass,22,-23.963315449311374,0,389.370877828291,-1000.0,0.0,-10000.0,0.0
ppo,one-pass,23,-20.92043313203375,0,361.5792165879294,-1000.0,0.0,-10000.0,0.0
ppo,one-pass,24,-20.930171096773798,0,362.2492262778342,-1000.0,0.0,-10000.0,0.0
ppo,one-pass,25,-19.606588341101816,0,379.4715932093368,-1000.0,0.0,-10000.0,0.0
ppo,root-p,0,-37.76741353113282,0,426.4189293111083,-1000.0,0.0,-10000.0,0.0
ppo,root-p,1,-34.153819180736804,0,394.07529996559265,-1000.0,0.0,-10000.0,0.0
ppo,root-p,2,-33.677633875572596,0,281.8908269016417,-1000.0,0.0,-10000.0,0.0
ppo,root-p,3,-33.167135602876186,0,318.20004196095385,-1000.0,0.0,-10000.0,0.0
ppo,root-p,4,-34.90351554576042,0,441.2782059437451,-1000.0,0.0,-10000.0,0.0
ppo,root-p,5,-37.200610207011074,0,362.8606949653986,-1000.0,0.0,-10000.0,0.0
ppo,root-p,6,-37.77222618765906,0,417.61400411314963,-1000.0,0.0,-10000.0,0.0
ppo,root-p,7,-35.299135204415464,0,269.4069147225059,-1000.0,0.0,-10000.0,0.0
ppo,root-p,8,-33.66875164732849,0,245.34255951984727,-1000.0,0.0,-10000.0,0.0
ppo,root-p,9,-30.715092477035874,0,296.2204509702144,-1000.0,0.0,-10000.0,0.0
ppo,root-p,10,-33.39463344481539,0,421.6432733465097,-1000.0,0.0,-10000.0,0.0
ppo,root-p,11,-36.07614650488137,0,354.38478801934184,-1000.0,0.0,-10000.0,0.0
ppo,root-p,12,-35.997385710296676,0,299.24547032681744,-1000.0,0.0,-10000.0,0.0
ppo,root-p,13,-35.21407439934217,0,334.847410789382,-1000.0,0.0,-10000.0,0.0
ppo,root-p,14,-36.6414769595436,0,268.14153588122963,-1000.0,0.0,-10000.0,0.0
ppo,root-p,15,-37.919969090048625,0,311.84242206572065,-1000.0,0.0,-10000.0,0.0
ppo,root-p,16,-34.50667272169185,0,316.26363594978955,-1000.0,0.0,-10000.0,0.0
ppo,root-p,17,-36.79401803161595,0,287.0983057075715,-1000.0,0.0,-10000.0,0.0
ppo,root-p,18,-33.70167781983095,0,324.01668951406367,-1000.0,0.0,-10000.0,0.0
ppo,root-p,19,-34.96249008123205,0,320.70893722387683,-1000.0,0.0,-10000.0,0.0
ppo,root-p,20,-30.84804602469717,0,337.49358129714784,-1000.0,0.0,-10000.0,0.0
ppo,root-p,21,-37.46862491495779,0,342.5274231140846,-1000.0,0.0,-10000.0,0.0
ppo,root-p,22,-35.88465871088906,0,344.31448099606,-1000.0,0.0,-10000.0,0.0
ppo,root-p,23,-34.82070127493604,0,322.06820704285326,-1000.0,0.0,-10000.0,0.0
ppo,root-p,24,-34.63732161068405,0,245.33833707301784,-1000.0,0.0,-10000.0,0.0
ppo,root-p,25,-36.45251457446651,0,262.97501197122756,-1000.0,0.0,-10000.0,0.0
ppo,hard,0,-168.81659350555842,0,407.2802609356645,-1000.0,0.0,-10000.0,0.0
ppo,hard,1,-168.77717943763508,0,180.76085676516996,-1000.0,0.0,-10000.0,0.0
ppo,hard,2,-169.154689945652,0,99.13863722275676,-1000.0,0.0,-10000.0,0.0
ppo,hard,3,-171.5450823304985,0,467.82797159466816,-1000.0,0.0,-10000.0,0.0
ppo,hard,4,-160.4515474332133,0,128.2184836243886,-1000.0,0.0,-10000.0,0.0
ppo,hard,5,-175.23358566423113,0,116.10520867636093,-1000.0,0.0,-10000.0,0.0
ppo,hard,6,-165.36158689548483,0,87.31300112109618,-1000.0,0.0,-10000.0,0.0
ppo,hard,7,-49.84193883173341,0,350.4469654150004,-1000.0,0.0,-10000.0,0.0
ppo,hard,8,-45.54722762463184,0,209.7870555864789,-1000.0,0.0,-10000.0,0.0
ppo,hard,9,-46.17033523343825,0,326.48070847545097,-1000.0,0.0,-10000.0,0.0
ppo,hard,10,-51.36275186966543,0,295.5126690685704,-1000.0,0.0,-10000.0,0.0
ppo,hard,11,-45.94234241265622,0,302.4867470089806,-1000.0,0.0,-10000.0,0.0
ppo,hard,12,-46.79433342318896,0,321.03745615917865,-1000.0,0.0,-10000.0,0.0
ppo,hard,13,-29.5405890285793,0,329.37795005125594,-1000.0,0.0,-10000.0,0.0
ppo,hard,14,-28.788652803521433,0,298.98366232381136,-1000.0,0.0,-10000.0,0.0
ppo,hard,15,-29.1939069114306,0,346.55008123591267,-1000.0,0.0,-10000.0,0.0
ppo,hard,16,-28.123588742898846,0,313.9835491711926,-1000.0,0.0,-10000.0,0.0
ppo,hard,17,-29.062850036305786,0,311.04761624923657,-1000.0,0.0,-10000.0,0.0
ppo,hard,18,-28.21660564599543,0,305.34572508432143,-1000.0,0.0,-10000.0,0.0
ppo,hard,19,-18.81917964019395,0,233.7505840007616,-1000.0,0.0,-10000.0,0.0
ppo,hard,20,-20.09055506074166,0,358.2512491082251,-1000.0,0.0,-10000.0,0.0
ppo,hard,21,-18.237477882210907,0,255.8690439780423,-1000.0,0.0,-10000.0,0.0
ppo,hard,22,-21.706132809156948,0,334.9471983108531,-1000.0,0.0,-10000.0,0.0
ppo,hard,23,-20.7703288240115,0,272.30749569828004,-1000.0,0.0,-10000.0,0.0
ppo,hard,24,-19.10749068134343,0,436.4009395836622,-1000.0,0.0,-10000.0,0.0
ppo,hard,25,-19.867675038005217,0,341.6818917302571,-1000.0,0.0,-10000.0,0.0
ppo,linear,0,-167.37255728455366,0,279.44218708658013,-1000.0,0.0,-10000.0,0.0
ppo,linear,1,-131.297181084386,0,115.3430215169287,-1000.0,0.0,-10000.0,0.0
ppo,linear,2,-99.64081251601081,0,330.6662029201842,-1000.0,0.0,-10000.0,0.0
ppo,linear,3,-90.73159953552302,0,253.4277496269597,-1000.0,0.0,-10000.0,0.0
ppo,linear,4,-69.13102987007568,0,231.43588052394247,-1000.0,0.0,-10000.0,0.0
ppo,linear,5,-65.78203181023774,0,315.9260915645193,-1000.0,0.0,-10000.0,0.0
ppo,linear,6,-60.974505575070296,0,308.42963924155276,-1000.0,0.0,-10000.0,0.0
ppo,linear,7,-48.66613905835658,0,214.99579576947283,-1000.0,0.0,-10000.0,0.0
ppo,linear,8,-50.24361014691571,0,339.2336267585866,-1000.0,0.0,-10000.0,0.0
ppo,linear,9,-45.885866695951634,0,285.29556755629744,-1000.0,0.0,-10000.0,0.0
ppo,linear,10,-39.881313994612114,0,155.95580866765752,-1000.0,0.0,-10000.0,0.0
ppo,linear,11,-44.45156208582693,0,370.97139391217695,-1000.0,0.0,-10000.0,0.0
ppo,linear,12,-36.0794480847391,0,295.3353652876104,-1000.0,0.0,-10000.0,0.0
ppo,linear,13,-36.609284151500894,0,330.0457751191685,-1000.0,0.0,-10000.0,0.0
ppo,linear,14,-31.6334037099763,0,339.0041359601024,-1000.0,0.0,-10000.0,0.0
ppo,linear,15,-29.160283288278617,0,321.9771967379958,-1000.0,0.0,-10000.0,0.0
ppo,linear,16,-29.74759972630461,0,324.1652028105681,-1000.0,0.0,-10000.0,0.0
ppo,linear,17,-29.420923463916445,0,363.13826454541385,-1000.0,0.0,-10000.0,0.0
ppo,linear,18,-28.466492635134585,0,403.9193832700036,-1000.0,0.0,-10000.0,0.0
ppo,linear,19,-25.77740951801722,0,400.18089398995465,-1000.0,0.0,-10000.0,0.0
ppo,linear,20,-23.47509187671321,0,450.36203159344325,-1000.0,0.0,-10000.0,0.0
ppo,linear,21,-22.222982468619357,0,240.76784782246312,-1000.0,0.0,-10000.0,0.0
ppo,linear,22,-22.557172818406308,0,418.9269607005816,-1000.0,0.0,-10000.0,0.0
ppo,linear,23,-22.21791141277915,0,513.3109115887054,-1000.0,0.0,-10000.0,0.0
ppo,linear,24,-20.438200637359735,0,344.62708652586,-1000.0,0.0,-10000.0,0.0
ppo,linear,25,-20.908889907367318,0,465.8267119617749,-1000.0,0.0,-10000.0,0.0
ppo,logarithmic,0,-167.20556927006334,0,277.59859360758173,-1000.0,0.0,-10000.0,0.0
ppo,logarithmic,1,-60.76287483974642,0,293.1838452591294,-1000.0,0.0,-10000.0,0.0
ppo,logarithmic,2,-45.08333102630526,0,259.84617619272484,-1000.0,0.0,-10000.0,0.0
ppo,logarithmic,3,-36.80144265180802,0,258.9550717568051,-1000.0,0.0,-10000.0,0.0
ppo,logarithmic,4,-33.895341406624695,0,281.17579622867834,-1000.0,0.0,-10000.0,0.0
ppo,logarithmic,5,-32.14832389910985,0,286.8408947365654,-1000.0,0.0,-10000.0,0.0
ppo,logarithmic,6,-28.68696861862327,0,283.53511676967724,-1000.0,0.0,-10000.0,0.0
ppo,logarithmic,7,-28.57570345071202,0,333.3919006048881,-1000.0,0.0,-10000.0,0.0
ppo,logarithmic,8,-25.99328741826263,0,327.4667843536457,-1000.0,0.0,-10000.0,0.0
ppo,logarithmic,9,-24.93806920654826,0,335.2559897400252,-1000.0,0.0,-10000.0,0.0
ppo,logarithmic,10,-23.877279246111776,0,389.32244777892885,-1000.0,0.0,-10000.0,0.0
ppo,logarithmic,11,-22.979393650808568,0,364.65969118025635,-1000.0,0.0,-10000.0,0.0
ppo,logarithmic,12,-23.83441036779649,0,335.2124192189836,-1000.0,0.0,-10000.0,0.0
ppo,logarithmic,13,-25.97847979472896,0,372.0459160667736,-1000.0,0.0,-10000.0,0.0
ppo,logarithmic,14,-22.83429733631562,0,294.0342370946207,-1000.0,0.0,-10000.0,0.0
ppo,logarithmic,15,-22.70098659994151,0,397.75958901361315,-1000.0,0.0,-10000.0,0.0
ppo,logarithmic,16,-24.649581564510672,0,363.60703315988235,-1000.0,0.0,-10000.0,0.0
ppo,logarithmic,17,-21.084192958564415,0,393.49154689842504,-1000.0,0.0,-10000.0,0.0
ppo,logarithmic,18,-23.0957323032592,0,422.83610063672677,-1000.0,0.0,-10000.0,0.0
ppo,logarithmic,19,-21.562987615958438,0,479.21908385701295,-1000.0,0.0,-10000.0,0.0
ppo,logarithmic,20,-21.17775873333034,0,477.7171350393358,-1000.0,0.0,-10000.0,0.0
ppo,logarithmic,21,-19.719561743079215,0,221.34549040827625,-1000.0,0.0,-10000.0,0.0
ppo,logarithmic,22,-19.599535464408333,0,284.3673558462019,-1000.0,0.0,-10000.0,0.0
ppo,logarithmic,23,-18.864446582502595,0,234.29076079142456,-1000.0,0.0,-10000.0,0.0
ppo,logarithmic,24,-18.971675807340763,0,274.5665343563901,-1000.0,0.0,-10000.0,0.0
ppo,logarithmic,25,-17.943084740902037,0,349.60689137843474,-1000.0,0.0,-10000.0,0.0
ppo,logistic,0,-154.22607823187045,0,351.0907225320208,-1000.0,0.0,-10000.0,0.0
ppo,logistic,1,-154.774273500345,0,479.5275866780903,-1000.0,0.0,-10000.0,0.0
ppo,logistic,2,-148.73343612625234,0,279.05682766615837,-1000.0,0.0,-10000.0,0.0
ppo,logistic,3,-143.83345778942197,0,353.89880416125453,-1000.0,0.0,-10000.0,0.0
ppo,logistic,4,-132.6608110153351,0,263.83386826950823,-1000.0,0.0,-10000.0,0.0
ppo,logistic,5,-125.56294068702388,0,232.75767990151394,-1000.0,0.0,-10000.0,0.0
ppo,logistic,6,-112.02652171500151,0,153.24516974281735,-1000.0,0.0,-10000.0,0.0
ppo,logistic,7,-96.87046118328668,0,422.454703813362,-1000.0,0.0,-10000.0,0.0
ppo,logistic,8,-79.43638914486252,0,163.73837857721014,-1000.0,0.0,-10000.0,0.0
ppo,logistic,9,-67.12476904979988,0,201.07633219531226,-1000.0,0.0,-10000.0,0.0
ppo,logistic,10,-55.23545401660232,0,245.98629993786693,-1000.0,0.0,-10000.0,0.0
ppo,logistic,11,-46.83416292677021,0,312.27179234230056,-1000.0,0.0,-10000.0,0.0
ppo,logistic,12,-38.30671242591976,0,254.31309828756258,-1000.0,0.0,-10000.0,0.0
ppo,logistic,13,-32.1158860102869,0,280.6596628838699,-1000.0,0.0,-10000.0,0.0
ppo,logistic,14,-29.157612636692512,0,387.89202403284713,-1000.0,0.0,-10000.0,0.0
ppo,logistic,15,-26.909974873527755,0,347.92120693915575,-1000.0,0.0,-10000.0,0.0
ppo,logistic,16,-23.81663823730171,0,318.2913481408892,-1000.0,0.0,-10000.0,0.0
ppo,logistic,17,-20.75764620646437,0,331.1813273708047,-1000.0,0.0,-10000.0,0.0
ppo,logistic,18,-23.321762375376316,0,382.39119378520957,-1000.0,0.0,-10000.0,0.0
ppo,logistic,19,-21.28022751687792,0,349.494310452318,-1000.0,0.0,-10000.0,0.0
ppo,logistic,20,-22.121983373636272,0,284.98914632416125,-1000.0,0.0,-10000.0,0.0
ppo,logistic,21,-21.805532493614727,0,502.864694214401,-1000.0,0.0,-10000.0,0.0
ppo,logistic,22,-19.223645871732607,0,351.6556836659085,-1000.0,0.0,-10000.0,0.0
ppo,logistic,23,-20.29980841094635,0,423.85928124005886,-1000.0,0.0,-10000.0,0.0
ppo,logistic,24,-19.961415087492526,0,375.31440364316944,-1000.0,0.0,-10000.0,0.0
ppo,logistic,25,-20.351062646178356,0,261.46890786682224,-1000.0,0.0,-10000.0,0.0
ppo,mixture,0,-164.91395490934306,0,338.0204469351141,-1000.0,0.0,-10000.0,0.0
ppo,mixture,1,-99.12994109843507,0,200.7448976301177,-1000.0,0.0,-10000.0,0.0
ppo,mixture,2,-79.38140719510936,0,413.81724269752084,-1000.0,0.0,-10000.0,0.0
ppo,mixture,3,-61.15951831969047,0,424.28000708872474,-1000.0,0.0,-10000.0,0.0
ppo,mixture,4,-49.66519679255269,0,282.61070018846505,-1000.0,0.0,-10000.0,0.0
ppo,mixture,5,-40.421163853217394,0,335.53275566320974,-1000.0,0.0,-10000.0,0.0
ppo,mixture,6,-37.218082802054006,0,249.20811907487538,-1000.0,0.0,-10000.0,0.0
ppo,mixture,7,-32.69730321202123,0,306.4256473449665,-1000.0,0.0,-10000.0,0.0
ppo,mixture,8,-29.977133169619073,0,406.2932451404165,-1000.0,0.0,-10000.0,0.0
ppo,mixture,9,-24.650646681036132,0,356.10081048787345,-1000.0,0.0,-10000.0,0.0
ppo,mixture,10,-23.7534801366128,0,229.23705943431983,-1000.0,0.0,-10000.0,0.0
ppo,mixture,11,-23.053436237494086,0,356.2097872136427,-1000.0,0.0,-10000.0,0.0
ppo,mixture,12,-22.07823652085766,0,494.78218039699266,-1000.0,0.0,-10000.0,0.0
ppo,mixture,13,-171.5485002495585,0,531.1178344526829,-1000.0,0.0,-10000.0,0.0
ppo,mixture,14,-144.85283596054055,0,417.7857344040497,-1000.0,0.0,-10000.0,0.0
ppo,mixture,15,-117.9291094174956,0,334.67078767655784,-1000.0,0.0,-10000.0,0.0
ppo,mixture,16,-101.75669585404738,0,442.122418587114,-1000.0,0.0,-10000.0,0.0
ppo,mixture,17,-80.99281295494923,0,326.3449159299207,-1000.0,0.0,-10000.0,0.0
ppo,mixture,18,-69.1540094745682,0,408.7813101431295,-1000.0,0.0,-10000.0,0.0
ppo,mixture,19,-55.2211037153405,0,193.02704424285838,-1000.0,0.0,-10000.0,0.0
ppo,mixture,20,-43.44643447008444,0,250.84276849056508,-1000.0,0.0,-10000.0,0.0
ppo,mixture,21,-38.73882562899208,0,315.48483453432056,-1000.0,0.0,-10000.0,0.0
ppo,mixture,22,-31.805247636579725,0,327.82997573851327,-1000.0,0.0,-10000.0,0.0
ppo,mixture,23,-28.155546206406218,0,357.96217184415207,-1000.0,0.0,-10000.0,0.0
ppo,mixture,24,-22.468568301693534,0,462.0734067375106,-1000.0,0.0,-10000.0,0.0
ppo,mixture,25,-18.685790437361614,0,284.8285698298671,-1000.0,0.0,-10000.0,0.0
ppo,polynomial,0,-162.80912879074512,0,286.10065535947126,-1000.0,0.0,-10000.0,0.0
ppo,polynomial,1,-166.37233924397145,0,392.18295375845616,-1000.0,0.0,-10000.0,0.0
ppo,polynomial,2,-162.94561646507685,0,240.73954214236792,-1000.0,0.0,-10000.0,0.0
ppo,polynomial,3,-146.3362617669112,0,246.74224186081278,-1000.0,0.0,-10000.0,0.0
ppo,polynomial,4,-150.2516304659925,0,333.70695074172096,-1000.0,0.0,-10000.0,0.0
ppo,polynomial,5,-126.09543319804443,0,325.2889094808649,-1000.0,0.0,-10000.0,0.0
ppo,polynomial,6,-112.9594942041384,0,300.6656751605751,-1000.0,0.0,-10000.0,0.0
ppo,polynomial,7,-105.49743710512728,0,241.42021739504793,-1000.0,0.0,-10000.0,0.0
ppo,polynomial,8,-94.97045226079011,0,312.1039836000492,-1000.0,0.0,-10000.0,0.0
ppo,polynomial,9,-84.33157475997854,0,261.13495359597704,-1000.0,0.0,-10000.0,0.0
ppo,polynomial,10,-76.76867593458152,0,201.64519981436706,-1000.0,0.0,-10000.0,0.0
ppo,polynomial,11,-69.62395866578287,0,338.26350599027256,-1000.0,0.0,-10000.0,0.0
ppo,polynomial,12,-63.943196341245915,0,342.6109534798294,-1000.0,0.0,-10000.0,0.0
ppo,polynomial,13,-60.84510240436485,0,217.4551709333502,-1000.0,0.0,-10000.0,0.0
ppo,polynomial,14,-53.83576405029572,0,229.27119271115185,-1000.0,0.0,-10000.0,0.0
ppo,polynomial,15,-49.33650036788611,0,272.7764588851298,-1000.0,0.0,-10000.0,0.0
ppo,polynomial,16,-42.69655384713857,0,323.6105255136084,-1000.0,0.0,-10000.0,0.0
ppo,polynomial,17,-37.47243212597478,0,356.0405280307327,-987.9,36.3,-9879.0,0.0
ppo,polynomial,18,-37.63999086959374,0,321.0586122635875,-1000.0,0.0,-10000.0,0.0
ppo,polynomial,19,-32.81691332141571,0,337.38828096918274,-1000.0,0.0,-10000.0,0.0
ppo,polynomial,20,-29.62080061679118,0,412.2755509673322,-1000.0,0.0,-10000.0,0.0
ppo,polynomial,21,-27.43972000624897,0,437.98491917312816,-1000.0,0.0,-10000.0,0.0
ppo,polynomial,22,-23.82566704803025,0,155.9521136970802,-977.8,66.6,-9778.0,0.0
ppo,polynomial,23,-22.507383343623133,0,282.46469366950083,-1000.0,0.0,-10000.0,0.0
ppo,polynomial,24,-21.419879155162764,0,167.68868050466983,-1000.0,0.0,-10000.0,0.0
ppo,polynomial,25,-22.630792758786715,0,385.37952375263666,-1000.0,0.0,-10000.0,0.0
ppo,anti-curriculum,0,-21.644958444260112,0,369.3537114509967,-1000.0,0.0,-10000.0,0.0
ppo,anti-curriculum,1,-22.079987829358654,0,458.92040143031426,-1000.0,0.0,-10000.0,0.0
ppo,anti-curriculum,2,-20.412461695479482,0,343.3268899011963,-1000.0,0.0,-10000.0,0.0
ppo,anti-curriculum,3,-22.039466811376535,0,393.2681783227993,-1000.0,0.0,-10000.0,0.0
ppo,anti-curriculum,4,-24.204512320241452,0,328.07118574477323,-1000.0,0.0,-10000.0,0.0
ppo,anti-curriculum,5,-21.70059868359928,0,301.46804863631485,-1000.0,0.0,-10000.0,0.0
ppo,anti-curriculum,6,-26.2798358304001,0,320.85666775276695,-1000.0,0.0,-10000.0,0.0
ppo,anti-curriculum,7,-27.433863238439955,0,494.6725343234882,-1000.0,0.0,-10000.0,0.0
ppo,anti-curriculum,8,-27.011523361238368,0,118.56596185483149,-1000.0,0.0,-10000.0,0.0
ppo,anti-curriculum,9,-31.103244314259587,0,302.971666316472,-1000.0,0.0,-10000.0,0.0
ppo,anti-curriculum,10,-32.13213647752099,0,315.5259038536431,-1000.0,0.0,-10000.0,0.0
ppo,anti-curriculum,11,-29.625681849619497,0,293.5275081125142,-1000.0,0.0,-10000.0,0.0
ppo,anti-curriculum,12,-32.14504760338557,0,308.12483446383845,-1000.0,0.0,-10000.0,0.0
ppo,anti-curriculum,13,-37.99810361353001,0,319.4624633084855,-1000.0,0.0,-10000.0,0.0
ppo,anti-curriculum,14,-39.49076800314518,0,312.8874380207927,-1000.0,0.0,-10000.0,0.0
ppo,anti-curriculum,15,-42.826924913071466,0,261.18560666307565,-1000.0,0.0,-10000.0,0.0
ppo,anti-curriculum,16,-51.271307589215645,0,311.31495166154747,-1000.0,0.0,-10000.0,0.0
ppo,anti-curriculum,17,-52.64709161032757,0,189.79253597314096,-1000.0,0.0,-10000.0,0.0
ppo,anti-curriculum,18,-57.702400815737086,0,400.57422944201903,-1000.0,0.0,-10000.0,0.0
ppo,anti-curriculum,19,-67.43271233219622,0,472.96768200142986,-1000.0,0.0,-10000.0,0.0
ppo,anti-curriculum,20,-72.74082439687378,0,437.99210114517956,-1000.0,0.0,-10000.0,0.0
ppo,anti-curriculum,21,-84.0957541725469,0,396.5378138698616,-1000.0,0.0,-10000.0,0.0
ppo,anti-curriculum,22,-97.77386267778034,0,439.8170318997882,-1000.0,0.0,-10000.0,0.0
ppo,anti-curriculum,23,-121.215393307232,0,393.05938740333676,-1000.0,0.0,-10000.0,0.0
ppo,anti-curriculum,24,-163.19858722212058,0,348.12894917198287,-1000.0,0.0,-10000.0,0.0
ppo,anti-curriculum,25,-157.29686288080703,0,458.402046848807,-1000.0,0.0,-10000.0,0.0
